week,user_team,matchup,home_away
1,ARI,LAC,away
2,ARI,SEA,home
3,ARI,SF,away
4,ARI,NYG,away
5,ARI,DET,home
6,ARI,LAR,away
7,ARI,DEN,home
8,ARI,DAL,away
9,ARI,SEA,away
10,ARI,LAR,home
11,ARI,KC,away
12,ARI,WSH,home
13,ARI,PHI,home
14,ARI,BYE,BYE
15,ARI,NYJ,home
16,ARI,NO,away
17,ARI,LV,home
18,ARI,SF,home
1,ATL,PIT,away
2,ATL,CAR,home
3,ATL,GB,away
4,ATL,NO,away
5,ATL,BAL,home
6,ATL,CHI,home
7,ATL,SF,home
8,ATL,TB,away
9,ATL,CIN,home
10,ATL,KC,home
11,ATL,BYE,BYE
12,ATL,MIN,away
13,ATL,DET,home
14,ATL,CLE,away
15,ATL,WSH,away
16,ATL,TB,home
17,ATL,NO,home
18,ATL,CAR,away
1,BAL,IND,away
2,BAL,NO,home
3,BAL,DAL,away
4,BAL,TEN,home
5,BAL,ATL,away
6,BAL,CLE,away
7,BAL,CIN,home
8,BAL,BUF,away
9,BAL,JAX,home
10,BAL,LAC,home
11,BAL,CAR,away
12,BAL,HOU,away
13,BAL,BYE,BYE
14,BAL,TB,home
15,BAL,PIT,away
16,BAL,CLE,home
17,BAL,CIN,away
18,BAL,PIT,home
1,BUF,HOU,away
2,BUF,DET,home
3,BUF,LAC,home
4,BUF,NE,home
5,BUF,LAR,away
6,BUF,LV,away
7,BUF,BYE,BYE
8,BUF,BAL,home
9,BUF,MIN,away
10,BUF,NYJ,away
11,BUF,MIA,home
12,BUF,KC,home
13,BUF,NE,away
14,BUF,GB,away
15,BUF,CHI,home
16,BUF,DEN,away
17,BUF,MIA,away
18,BUF,NYJ,home
1,CAR,CHI,home
2,CAR,ATL,away
3,CAR,CLE,away
4,CAR,DET,home
5,CAR,BYE,BYE
6,CAR,PHI,away
7,CAR,TB,home
8,CAR,GB,away
9,CAR,DEN,home
10,CAR,NO,away
11,CAR,BAL,home
12,CAR,TB,away
13,CAR,MIN,away
14,CAR,NO,home
15,CAR,CIN,home
16,CAR,PIT,away
17,CAR,SEA,home
18,CAR,ATL,home
1,CHI,CAR,away
2,CHI,MIN,home
3,CHI,PHI,home
4,CHI,NYJ,home
5,CHI,GB,away
6,CHI,ATL,away
7,CHI,NE,home
8,CHI,SEA,away
9,CHI,TB,home
10,CHI,BYE,BYE
11,CHI,NO,home
12,CHI,DET,away
13,CHI,JAX,home
14,CHI,MIA,away
15,CHI,BUF,away
16,CHI,GB,home
17,CHI,DET,home
18,CHI,MIN,away
1,CIN,TB,home
2,CIN,HOU,away
3,CIN,PIT,away
4,CIN,JAX,home
5,CIN,MIA,away
6,CIN,BYE,BYE
7,CIN,BAL,away
8,CIN,TEN,home
9,CIN,ATL,away
10,CIN,PIT,home
11,CIN,WSH,away
12,CIN,NO,home
13,CIN,CLE,away
14,CIN,KC,home
15,CIN,CAR,away
16,CIN,IND,away
17,CIN,BAL,home
18,CIN,CLE,home
1,CLE,JAX,away
2,CLE,TB,away
3,CLE,CAR,home
4,CLE,PIT,home
5,CLE,NYJ,away
6,CLE,BAL,home
7,CLE,TEN,away
8,CLE,PIT,away
9,CLE,NO,away
10,CLE,HOU,home
11,CLE,BYE,BYE
12,CLE,LV,home
13,CLE,CIN,home
14,CLE,ATL,home
15,CLE,NYG,away
16,CLE,BAL,away
17,CLE,IND,home
18,CLE,CIN,away
1,DAL,NYG,away
2,DAL,WSH,home
3,DAL,BAL,home
4,DAL,HOU,away
5,DAL,TB,home
6,DAL,GB,away
7,DAL,PHI,away
8,DAL,ARI,home
9,DAL,IND,away
10,DAL,SF,home
11,DAL,TEN,home
12,DAL,PHI,home
13,DAL,SEA,away
14,DAL,BYE,BYE
15,DAL,LAR,away
16,DAL,JAX,home
17,DAL,NYG,home
18,DAL,WSH,away
1,DEN,KC,away
2,DEN,JAX,home
3,DEN,LAR,home
4,DEN,SF,away
5,DEN,LAC,away
6,DEN,SEA,home
7,DEN,ARI,away
8,DEN,KC,home
9,DEN,CAR,away
10,DEN,BYE,BYE
11,DEN,LV,home
12,DEN,PIT,away
13,DEN,MIA,home
14,DEN,NYJ,away
15,DEN,LV,away
16,DEN,BUF,home
17,DEN,NE,away
18,DEN,LAC,home
1,DET,NO,home
2,DET,BUF,away
3,DET,NYJ,home
4,DET,CAR,away
5,DET,ARI,away
6,DET,BYE,BYE
7,DET,GB,home
8,DET,MIN,home
9,DET,MIA,away
10,DET,NE,home
11,DET,TB,home
12,DET,CHI,home
13,DET,ATL,away
14,DET,TEN,home
15,DET,MIN,away
16,DET,NYG,home
17,DET,CHI,away
18,DET,GB,away
1,GB,MIN,away
2,GB,NYJ,away
3,GB,ATL,home
4,GB,TB,away
5,GB,CHI,home
6,GB,DAL,home
7,GB,DET,away
8,GB,CAR,home
9,GB,NE,away
10,GB,MIN,home
11,GB,BYE,BYE
12,GB,LAR,away
13,GB,NO,away
14,GB,BUF,home
15,GB,MIA,home
16,GB,CHI,away
17,GB,HOU,home
18,GB,DET,home
1,HOU,BUF,home
2,HOU,CIN,home
3,HOU,IND,away
4,HOU,DAL,home
5,HOU,TEN,away
6,HOU,JAX,away
7,HOU,NYG,home
8,HOU,BYE,BYE
9,HOU,LAC,away
10,HOU,CLE,away
11,HOU,IND,home
12,HOU,BAL,home
13,HOU,PIT,away
14,HOU,WSH,away
15,HOU,JAX,home
16,HOU,PHI,away
17,HOU,GB,away
18,HOU,TEN,home
1,IND,BAL,home
2,IND,KC,away
3,IND,HOU,home
4,IND,WSH,away
5,IND,PIT,away
6,IND,TEN,home
7,IND,MIN,away
8,IND,JAX,away
9,IND,DAL,home
10,IND,MIA,home
11,IND,HOU,away
12,IND,NYG,home
13,IND,BYE,BYE
14,IND,PHI,away
15,IND,TEN,away
16,IND,CIN,home
17,IND,CLE,away
18,IND,JAX,home
1,JAX,CLE,home
2,JAX,DEN,away
3,JAX,NE,home
4,JAX,CIN,away
5,JAX,PHI,home
6,JAX,HOU,home
7,JAX,BYE,BYE
8,JAX,IND,home
9,JAX,BAL,away
10,JAX,TEN,away
11,JAX,NYG,away
12,JAX,TEN,home
13,JAX,CHI,away
14,JAX,PIT,home
15,JAX,HOU,away
16,JAX,DAL,away
17,JAX,WSH,home
18,JAX,IND,away
1,KC,DEN,home
2,KC,IND,home
3,KC,MIA,away
4,KC,LV,away
5,KC,BYE,BYE
6,KC,LAC,home
7,KC,SEA,away
8,KC,DEN,away
9,KC,NYJ,home
10,KC,ATL,away
11,KC,ARI,home
12,KC,BUF,away
13,KC,LAR,away
14,KC,CIN,away
15,KC,NE,home
16,KC,SF,home
17,KC,LAC,away
18,KC,LV,home
1,LAC,ARI,home
2,LAC,LV,home
3,LAC,BUF,away
4,LAC,SEA,away
5,LAC,DEN,home
6,LAC,KC,away
7,LAC,BYE,BYE
8,LAC,LAR,away
9,LAC,HOU,home
10,LAC,BAL,away
11,LAC,NYJ,home
12,LAC,NE,home
13,LAC,TB,away
14,LAC,LV,away
15,LAC,SF,home
16,LAC,MIA,away
17,LAC,KC,home
18,LAC,DEN,away
1,LAR,SF,home
2,LAR,NYG,home
3,LAR,DEN,away
4,LAR,PHI,away
5,LAR,BUF,home
6,LAR,ARI,home
7,LAR,LV,away
8,LAR,LAC,home
9,LAR,WSH,away
10,LAR,ARI,away
11,LAR,BYE,BYE
12,LAR,GB,home
13,LAR,KC,home
14,LAR,SF,away
15,LAR,DAL,home
16,LAR,SEA,away
17,LAR,TB,away
18,LAR,SEA,home
1,LV,MIA,home
2,LV,LAC,away
3,LV,NO,away
4,LV,KC,home
5,LV,NE,away
6,LV,BUF,home
7,LV,LAR,home
8,LV,NYJ,away
9,LV,SF,away
10,LV,SEA,home
11,LV,DEN,away
12,LV,CLE,away
13,LV,BYE,BYE
14,LV,LAC,home
15,LV,DEN,home
16,LV,TEN,home
17,LV,ARI,away
18,LV,KC,away
1,MIA,LV,away
2,MIA,SF,away
3,MIA,KC,home
4,MIA,MIN,away
5,MIA,CIN,home
6,MIA,BYE,BYE
7,MIA,NYJ,away
8,MIA,NE,home
9,MIA,DET,home
10,MIA,IND,away
11,MIA,BUF,away
12,MIA,NYJ,home
13,MIA,DEN,away
14,MIA,CHI,home
15,MIA,GB,away
16,MIA,LAC,home
17,MIA,BUF,home
18,MIA,NE,away
1,MIN,GB,home
2,MIN,CHI,away
3,MIN,TB,away
4,MIN,MIA,home
5,MIN,NO,away
6,MIN,BYE,BYE
7,MIN,IND,home
8,MIN,DET,away
9,MIN,BUF,home
10,MIN,GB,away
11,MIN,SF,away
12,MIN,ATL,home
13,MIN,CAR,home
14,MIN,NE,away
15,MIN,DET,home
16,MIN,WSH,home
17,MIN,NYJ,away
18,MIN,CHI,home
1,NE,SEA,away
2,NE,PIT,home
3,NE,JAX,away
4,NE,BUF,away
5,NE,LV,home
6,NE,NYJ,home
7,NE,CHI,away
8,NE,MIA,away
9,NE,GB,home
10,NE,DET,away
11,NE,BYE,BYE
12,NE,LAC,away
13,NE,BUF,home
14,NE,MIN,home
15,NE,KC,away
16,NE,NYJ,away
17,NE,DEN,home
18,NE,MIA,home
1,NO,DET,away
2,NO,BAL,away
3,NO,LV,home
4,NO,ATL,home
5,NO,MIN,home
6,NO,NYG,away
7,NO,PIT,home
8,NO,BYE,BYE
9,NO,CLE,home
10,NO,CAR,home
11,NO,CHI,away
12,NO,CIN,away
13,NO,GB,home
14,NO,CAR,away
15,NO,TB,away
16,NO,ARI,home
17,NO,ATL,away
18,NO,TB,home
1,NYG,DAL,home
2,NYG,LAR,away
3,NYG,TEN,home
4,NYG,ARI,home
5,NYG,WSH,away
6,NYG,NO,home
7,NYG,HOU,away
8,NYG,BYE,BYE
9,NYG,PHI,away
10,NYG,WSH,home
11,NYG,JAX,home
12,NYG,IND,away
13,NYG,SF,home
14,NYG,SEA,away
15,NYG,CLE,home
16,NYG,DET,away
17,NYG,DAL,away
18,NYG,PHI,home
1,NYJ,TEN,away
2,NYJ,GB,home
3,NYJ,DET,away
4,NYJ,CHI,away
5,NYJ,CLE,home
6,NYJ,NE,away
7,NYJ,MIA,home
8,NYJ,LV,home
9,NYJ,KC,away
10,NYJ,BUF,home
11,NYJ,LAC,away
12,NYJ,MIA,away
13,NYJ,BYE,BYE
14,NYJ,DEN,home
15,NYJ,ARI,away
16,NYJ,NE,home
17,NYJ,MIN,home
18,NYJ,BUF,away
1,PHI,WSH,home
2,PHI,TEN,away
3,PHI,CHI,away
4,PHI,LAR,home
5,PHI,JAX,away
6,PHI,CAR,home
7,PHI,DAL,home
8,PHI,WSH,away
9,PHI,NYG,home
10,PHI,BYE,BYE
11,PHI,PIT,home
12,PHI,DAL,away
13,PHI,ARI,away
14,PHI,IND,home
15,PHI,SEA,home
16,PHI,HOU,home
17,PHI,SF,away
18,PHI,NYG,away
1,PIT,ATL,home
2,PIT,NE,away
3,PIT,CIN,home
4,PIT,CLE,away
5,PIT,IND,home
6,PIT,TB,away
7,PIT,NO,away
8,PIT,CLE,home
9,PIT,BYE,BYE
10,PIT,CIN,away
11,PIT,PHI,away
12,PIT,DEN,home
13,PIT,HOU,home
14,PIT,JAX,away
15,PIT,BAL,home
16,PIT,CAR,home
17,PIT,TEN,away
18,PIT,BAL,away
1,SEA,NE,home
2,SEA,ARI,away
3,SEA,WSH,away
4,SEA,LAC,home
5,SEA,SF,home
6,SEA,DEN,away
7,SEA,KC,home
8,SEA,CHI,home
9,SEA,ARI,home
10,SEA,LV,away
11,SEA,BYE,BYE
12,SEA,SF,away
13,SEA,DAL,home
14,SEA,NYG,home
15,SEA,PHI,away
16,SEA,LAR,home
17,SEA,CAR,away
18,SEA,LAR,away
1,SF,LAR,away
2,SF,MIA,home
3,SF,ARI,home
4,SF,DEN,home
5,SF,SEA,away
6,SF,WSH,home
7,SF,ATL,away
8,SF,BYE,BYE
9,SF,LV,home
10,SF,DAL,away
11,SF,MIN,home
12,SF,SEA,home
13,SF,NYG,away
14,SF,LAR,home
15,SF,LAC,away
16,SF,KC,away
17,SF,PHI,home
18,SF,ARI,away
1,TB,CIN,away
2,TB,CLE,home
3,TB,MIN,home
4,TB,GB,home
5,TB,DAL,away
6,TB,PIT,home
7,TB,CAR,away
8,TB,ATL,home
9,TB,CHI,away
10,TB,BYE,BYE
11,TB,DET,away
12,TB,CAR,home
13,TB,LAC,home
14,TB,BAL,away
15,TB,NO,home
16,TB,ATL,away
17,TB,LAR,home
18,TB,NO,away
1,TEN,NYJ,home
2,TEN,PHI,home
3,TEN,NYG,away
4,TEN,BAL,away
5,TEN,HOU,home
6,TEN,IND,away
7,TEN,CLE,home
8,TEN,CIN,away
9,TEN,BYE,BYE
10,TEN,JAX,home
11,TEN,DAL,away
12,TEN,JAX,away
13,TEN,WSH,home
14,TEN,DET,away
15,TEN,IND,home
16,TEN,LV,away
17,TEN,PIT,home
18,TEN,HOU,away
1,WSH,PHI,away
2,WSH,DAL,away
3,WSH,SEA,home
4,WSH,IND,home
5,WSH,NYG,home
6,WSH,SF,away
7,WSH,BYE,BYE
8,WSH,PHI,home
9,WSH,LAR,home
10,WSH,NYG,away
11,WSH,CIN,home
12,WSH,ARI,away
13,WSH,TEN,away
14,WSH,HOU,home
15,WSH,ATL,home
16,WSH,MIN,away
17,WSH,JAX,away
18,WSH,DAL,home
